The release asset has no SHA-256 digest.	Sürüm dosyasının SHA-256 özeti yok.	Die Release-Datei hat keinen SHA-256-Hash.	Le fichier de la version n'a pas d'empreinte SHA-256.	El archivo de la versión no tiene resumen SHA-256.	O arquivo da versão não tem resumo SHA-256.	У файла выпуска нет хеша SHA-256.	发布文件缺少 SHA-256 摘要。	リリースファイルに SHA-256 ダイジェストがありません。	릴리스 파일에 SHA-256 해시가 없습니다.
Invalid release digest.	Sürüm özeti geçersiz.	Ungültiger Release-Hash.	Empreinte de version non valide.	Resumen de versión no válido.	Resumo da versão inválido.	Некорректный хеш выпуска.	发布摘要无效。	リリースのダイジェストが無効です。	릴리스 해시가 잘못되었습니다.
Unexpected release download URL.	Beklenmeyen sürüm indirme adresi.	Unerwartete Download-URL der Version.	Adresse de téléchargement inattendue.	URL de descarga de la versión inesperada.	URL de download da versão inesperada.	Неожиданный адрес загрузки выпуска.	发布下载地址异常。	リリースのダウンロード URL が予期しない値です。	릴리스 다운로드 URL이 예상과 다릅니다.
The portable Windows release asset is missing.	Taşınabilir Windows sürüm dosyası yok.	Die portable Windows-Datei fehlt.	Le fichier Windows portable est absent.	Falta el archivo portátil para Windows.	O arquivo portátil para Windows está ausente.	Нет файла портативной версии для Windows.	缺少 Windows 便携版文件。	Windows 用ポータブル版ファイルがありません。	Windows 포터블 릴리스 파일이 없습니다.
Update archive is too large.	Güncelleme arşivi çok büyük.	Das Update-Archiv ist zu groß.	L'archive de mise à jour est trop volumineuse.	El archivo de actualización es demasiado grande.	O arquivo de atualização é grande demais.	Архив обновления слишком велик.	更新压缩包过大。	更新アーカイブが大きすぎます。	업데이트 압축 파일이 너무 큽니다.
Update checksum does not match GitHub.	Güncelleme sağlama toplamı GitHub ile eşleşmiyor.	Die Update-Prüfsumme stimmt nicht mit GitHub überein.	La somme de contrôle ne correspond pas à GitHub.	La suma de comprobación no coincide con GitHub.	A soma de verificação não corresponde ao GitHub.	Контрольная сумма обновления не совпадает с GitHub.	更新校验和与 GitHub 不一致。	更新のチェックサムが GitHub と一致しません。	업데이트 체크섬이 GitHub와 일치하지 않습니다.
Unexpected update archive contents.	Güncelleme arşivinin içeriği beklenmiyor.	Unerwarteter Inhalt des Update-Archivs.	Contenu inattendu de l'archive de mise à jour.	Contenido inesperado del archivo de actualización.	Conteúdo inesperado no arquivo de atualização.	Неожиданное содержимое архива обновления.	更新压缩包内容异常。	更新アーカイブの内容が予期しないものです。	업데이트 압축 파일의 내용이 예상과 다릅니다.
Unsafe update archive entry.	Güvenli olmayan güncelleme arşivi girdisi.	Unsicherer Eintrag im Update-Archiv.	Entrée non sécurisée dans l'archive de mise à jour.	Entrada no segura en el archivo de actualización.	Entrada insegura no arquivo de atualização.	Небезопасная запись в архиве обновления.	更新压缩包包含不安全条目。	更新アーカイブに安全でない項目があります。	업데이트 압축 파일에 안전하지 않은 항목이 있습니다.
Update executable is missing.	Güncelleme çalıştırılabilir dosyası yok.	Die ausführbare Update-Datei fehlt.	L'exécutable de mise à jour est absent.	Falta el ejecutable de actualización.	O executável da atualização está ausente.	Исполняемый файл обновления отсутствует.	缺少更新程序。	更新用実行ファイルがありません。	업데이트 실행 파일이 없습니다.
The installed application executable was not found.	Kurulu uygulamanın çalıştırılabilir dosyası bulunamadı.	Die installierte Programmdatei wurde nicht gefunden.	L'exécutable de l'application installée est introuvable.	No se encontró el ejecutable de la aplicación instalada.	O executável do aplicativo instalado não foi encontrado.	Исполняемый файл установленного приложения не найден.	未找到已安装应用的可执行文件。	インストール済みアプリの実行ファイルが見つかりません。	설치된 앱의 실행 파일을 찾을 수 없습니다.
Update helper is missing.	Güncelleme yardımcısı yok.	Das Update-Hilfsprogramm fehlt.	L'utilitaire de mise à jour est absent.	Falta el asistente de actualización.	O auxiliar de atualização está ausente.	Отсутствует помощник обновления.	缺少更新辅助程序。	更新ヘルパーがありません。	업데이트 도우미가 없습니다.
Config changed outside the app. Reload it before saving.	Ayarlar uygulama dışında değişti. Kaydetmeden önce yeniden yükleyin.	Die Konfiguration wurde außerhalb der App geändert. Lade sie vor dem Speichern neu.	La configuration a été modifiée hors de l'application. Rechargez-la avant d'enregistrer.	La configuración cambió fuera de la aplicación. Vuelve a cargarla antes de guardar.	A configuração mudou fora do aplicativo. Recarregue antes de salvar.	Конфигурация изменена вне приложения. Перезагрузите её перед сохранением.	配置已在应用外更改。保存前请重新加载。	設定がアプリ外で変更されました。保存前に再読み込みしてください。	설정이 앱 외부에서 변경되었습니다. 저장 전에 다시 불러오세요.
Invalid log level.	Günlük düzeyi geçersiz.	Ungültige Protokollstufe.	Niveau de journalisation non valide.	Nivel de registro no válido.	Nível de log inválido.	Некорректный уровень журнала.	日志级别无效。	ログレベルが無効です。	로그 수준이 잘못되었습니다.
Invalid manifest provider.	Manifest sağlayıcısı geçersiz.	Ungültiger Manifestanbieter.	Fournisseur de manifestes non valide.	Proveedor de manifiestos no válido.	Provedor de manifestos inválido.	Некорректный источник манифестов.	清单提供方无效。	マニフェスト提供元が無効です。	매니페스트 공급자가 잘못되었습니다.
Timeouts must be 1–120000 ms.	Zaman aşımları 1–120000 ms arasında olmalıdır.	Zeitlimits müssen zwischen 1 und 120000 ms liegen.	Les délais doivent être compris entre 1 et 120000 ms.	Los tiempos de espera deben estar entre 1 y 120000 ms.	Os tempos limite devem ficar entre 1 e 120000 ms.	Тайм-ауты должны быть от 1 до 120000 мс.	超时时间必须介于 1 到 120000 毫秒之间。	タイムアウトは 1～120000 ms にしてください。	제한 시간은 1~120000ms여야 합니다.
Remote template needs all three placeholders.	Uzak şablon üç yer tutucunun tamamını içermelidir.	Der Remote-Vorlage fehlen Platzhalter.	Le modèle distant doit contenir les trois marqueurs.	La plantilla remota necesita los tres marcadores.	O modelo remoto precisa dos três marcadores.	В удалённом шаблоне нужны все три заполнителя.	远程模板必须包含全部三个占位符。	リモートテンプレートには3つのプレースホルダーが必要です。	원격 템플릿에는 세 자리표시자가 모두 필요합니다.
Injection requires a library path.	Enjeksiyon için kitaplık yolu gereklidir.	Für die Injektion ist ein Bibliothekspfad erforderlich.	L'injection nécessite un chemin de bibliothèque.	La inyección requiere una ruta de biblioteca.	A injeção exige um caminho de biblioteca.	Для внедрения нужен путь к библиотеке.	进程注入需要库路径。	プロセス注入にはライブラリのパスが必要です。	프로세스 주입에는 라이브러리 경로가 필요합니다.
CloudRedirect requires a DLL path.	CloudRedirect için DLL yolu gereklidir.	CloudRedirect benötigt einen DLL-Pfad.	CloudRedirect nécessite un chemin de DLL.	CloudRedirect requiere una ruta de DLL.	CloudRedirect exige um caminho de DLL.	Для CloudRedirect нужен путь к DLL.	CloudRedirect 需要 DLL 路径。	CloudRedirect には DLL のパスが必要です。	CloudRedirect에는 DLL 경로가 필요합니다.
Lua paths must be a TOML array.	Lua yolları bir TOML dizisi olmalıdır.	Lua-Pfade müssen ein TOML-Array sein.	Les chemins Lua doivent former un tableau TOML.	Las rutas Lua deben ser una matriz TOML.	Os caminhos Lua devem ser uma lista TOML.	Пути Lua должны быть массивом TOML.	Lua 路径必须是 TOML 数组。	Lua パスは TOML 配列にしてください。	Lua 경로는 TOML 배열이어야 합니다.
Invalid TOML section.	TOML bölümü geçersiz.	Ungültiger TOML-Abschnitt.	Section TOML non valide.	Sección TOML no válida.	Seção TOML inválida.	Некорректный раздел TOML.	TOML 节无效。	TOML セクションが無効です。	TOML 섹션이 잘못되었습니다.
Invalid TOML key/value line.	TOML anahtar/değer satırı geçersiz.	Ungültige TOML-Schlüssel/Wert-Zeile.	Ligne clé/valeur TOML non valide.	Línea clave/valor TOML no válida.	Linha chave/valor TOML inválida.	Некорректная строка ключ/значение TOML.	TOML 键值行无效。	TOML のキー/値行が無効です。	TOML 키/값 행이 잘못되었습니다.
Companion backup is missing.	İlişkili yedek bulunamadı.	Die zugehörige Sicherung fehlt.	La sauvegarde associée est absente.	Falta la copia de seguridad asociada.	O backup associado está ausente.	Связанная резервная копия отсутствует.	缺少关联备份。	関連するバックアップがありません。	연결된 백업이 없습니다.
Steam folder must contain steam.exe.	Steam klasörü steam.exe içermelidir.	Der Steam-Ordner muss steam.exe enthalten.	Le dossier Steam doit contenir steam.exe.	La carpeta de Steam debe contener steam.exe.	A pasta do Steam deve conter steam.exe.	В папке Steam должен быть файл steam.exe.	Steam 文件夹必须包含 steam.exe。	Steam フォルダーには steam.exe が必要です。	Steam 폴더에 steam.exe가 있어야 합니다.
Elevation requires the published OpenSteamToolGUI.exe. Run the packaged application.	Yönetici yetkisi için yayımlanmış OpenSteamToolGUI.exe gerekir. Paketlenmiş uygulamayı çalıştırın.	Für Administratorrechte ist die veröffentlichte OpenSteamToolGUI.exe erforderlich. Starte die paketierte App.	Les droits administrateur nécessitent l'exécutable publié OpenSteamToolGUI.exe. Lancez l'application empaquetée.	Los permisos de administrador requieren el OpenSteamToolGUI.exe publicado. Ejecuta la aplicación empaquetada.	A elevação exige o OpenSteamToolGUI.exe publicado. Execute o aplicativo empacotado.	Для запуска с правами администратора нужен опубликованный OpenSteamToolGUI.exe. Запустите упакованное приложение.	管理员权限操作需要已发布的 OpenSteamToolGUI.exe。请运行打包后的应用。	管理者権限での操作には公開版 OpenSteamToolGUI.exe が必要です。パッケージ版を実行してください。	관리자 권한 작업에는 배포된 OpenSteamToolGUI.exe가 필요합니다. 패키지 앱을 실행하세요.
Could not start elevated file helper.	Yönetici yetkili dosya yardımcısı başlatılamadı.	Der Dateihelfer mit Administratorrechten konnte nicht gestartet werden.	Impossible de démarrer l'utilitaire de fichiers avec droits administrateur.	No se pudo iniciar el asistente de archivos con permisos de administrador.	Não foi possível iniciar o auxiliar de arquivos com privilégios de administrador.	Не удалось запустить файловый помощник с правами администратора.	无法启动具有管理员权限的文件辅助程序。	管理者権限のファイルヘルパーを起動できませんでした。	관리자 권한 파일 도우미를 시작할 수 없습니다.
Elevated operation timed out.	Yönetici yetkili işlemin süresi doldu.	Der Vorgang mit Administratorrechten hat das Zeitlimit überschritten.	L'opération avec droits administrateur a expiré.	La operación con permisos de administrador agotó el tiempo de espera.	A operação com privilégios de administrador expirou.	Превышено время операции с правами администратора.	管理员权限操作超时。	管理者権限での操作がタイムアウトしました。	관리자 권한 작업 시간이 초과되었습니다.
Elevated operation did not return a result.	Yönetici yetkili işlem sonuç döndürmedi.	Der Vorgang mit Administratorrechten lieferte kein Ergebnis.	L'opération avec droits administrateur n'a pas renvoyé de résultat.	La operación con permisos de administrador no devolvió un resultado.	A operação com privilégios de administrador não retornou resultado.	Операция с правами администратора не вернула результат.	管理员权限操作未返回结果。	管理者権限での操作から結果が返されませんでした。	관리자 권한 작업에서 결과가 반환되지 않았습니다.
Invalid helper result.	Yardımcı sonucu geçersiz.	Ungültiges Ergebnis des Hilfsprogramms.	Résultat non valide de l'utilitaire.	Resultado no válido del asistente.	Resultado inválido do auxiliar.	Некорректный результат помощника.	辅助程序结果无效。	ヘルパーの結果が無効です。	도우미 결과가 잘못되었습니다.
Missing helper transaction record.	Yardımcı işlem kaydı yok.	Der Transaktionseintrag des Hilfsprogramms fehlt.	L'enregistrement de transaction de l'utilitaire est absent.	Falta el registro de transacción del asistente.	O registro de transação do auxiliar está ausente.	Отсутствует запись транзакции помощника.	缺少辅助程序事务记录。	ヘルパーの処理記録がありません。	도우미의 작업 기록이 없습니다.
Invalid elevation request location.	Yönetici yetkisi isteğinin konumu geçersiz.	Ungültiger Ort der Rechteanforderung.	Emplacement de demande de droits non valide.	Ubicación de solicitud de permisos no válida.	Local da solicitação de privilégios inválido.	Некорректный путь запроса прав.	管理员权限请求位置无效。	権限昇格要求の場所が無効です。	권한 상승 요청 위치가 잘못되었습니다.
Invalid request.	İstek geçersiz.	Ungültige Anfrage.	Requête non valide.	Solicitud no válida.	Solicitação inválida.	Некорректный запрос.	请求无效。	要求が無効です。	요청이 잘못되었습니다.
Invalid Steam installation.	Steam kurulumu geçersiz.	Ungültige Steam-Installation.	Installation Steam non valide.	Instalación de Steam no válida.	Instalação do Steam inválida.	Некорректная установка Steam.	Steam 安装无效。	Steam のインストールが無効です。	Steam 설치가 잘못되었습니다.
Invalid operation count.	İşlem sayısı geçersiz.	Ungültige Anzahl von Vorgängen.	Nombre d'opérations non valide.	Número de operaciones no válido.	Número de operações inválido.	Некорректное число операций.	操作数量无效。	操作数が無効です。	작업 수가 잘못되었습니다.
Content outside request directory.	İçerik istek klasörünün dışında.	Inhalt außerhalb des Anfrageordners.	Contenu hors du dossier de requête.	Contenido fuera de la carpeta de solicitud.	Conteúdo fora da pasta da solicitação.	Содержимое вне папки запроса.	内容位于请求目录之外。	内容が要求フォルダーの外にあります。	콘텐츠가 요청 폴더 밖에 있습니다.
Content too large.	İçerik çok büyük.	Inhalt ist zu groß.	Contenu trop volumineux.	Contenido demasiado grande.	Conteúdo grande demais.	Содержимое слишком велико.	内容过大。	内容が大きすぎます。	콘텐츠가 너무 큽니다.
Elevated write target is not an OpenSteamTool location.	Yönetici yetkili yazma hedefi OpenSteamTool konumu değil.	Das Schreibziel gehört nicht zu OpenSteamTool.	La destination d'écriture n'appartient pas à OpenSteamTool.	El destino de escritura no pertenece a OpenSteamTool.	O destino de gravação não pertence ao OpenSteamTool.	Цель записи не относится к OpenSteamTool.	写入目标不属于 OpenSteamTool 目录。	書き込み先が OpenSteamTool の場所ではありません。	쓰기 대상이 OpenSteamTool 위치가 아닙니다.
Import record is no longer available.	İçe aktarma kaydı artık mevcut değil.	Der Importeintrag ist nicht mehr verfügbar.	L'enregistrement d'importation n'est plus disponible.	El registro de importación ya no está disponible.	O registro de importação não está mais disponível.	Запись импорта больше недоступна.	导入记录已不可用。	インポート記録は利用できなくなりました。	가져오기 기록을 더 이상 사용할 수 없습니다.
Import contains a file outside managed folders.	İçe aktarma, yönetilen klasörlerin dışında dosya içeriyor.	Der Import enthält eine Datei außerhalb der verwalteten Ordner.	L'importation contient un fichier hors des dossiers gérés.	La importación contiene un archivo fuera de las carpetas administradas.	A importação contém um arquivo fora das pastas gerenciadas.	Импорт содержит файл вне управляемых папок.	导入内容包含管理目录之外的文件。	インポートに管理対象フォルダー外のファイルが含まれます。	가져온 항목에 관리 폴더 밖의 파일이 있습니다.
Multiple copies match the imported Lua file: 	Birden çok kopya içe aktarılan Lua dosyasıyla eşleşiyor: 	Mehrere Kopien entsprechen der importierten Lua-Datei: 	Plusieurs copies correspondent au fichier Lua importé : 	Varias copias coinciden con el archivo Lua importado: 	Várias cópias correspondem ao arquivo Lua importado: 	Несколько копий соответствуют импортированному файлу Lua: 	多个副本与导入的 Lua 文件匹配：	複数のコピーがインポート済み Lua ファイルに一致します：	여러 복사본이 가져온 Lua 파일과 일치합니다: 
Imported file changed since import: 	İçe aktarılan dosya sonradan değişti: 	Die importierte Datei wurde seit dem Import geändert: 	Le fichier importé a changé depuis l'importation : 	El archivo importado cambió después de importarlo: 	O arquivo importado mudou após a importação: 	Импортированный файл изменён после импорта: 	导入后的文件已被修改：	インポート後にファイルが変更されました：	가져온 후 파일이 변경되었습니다: 
Disabled Lua file changed since import: 	Devre dışı Lua dosyası içe aktarmadan sonra değişti: 	Die deaktivierte Lua-Datei wurde seit dem Import geändert: 	Le fichier Lua désactivé a changé depuis l'importation : 	El archivo Lua desactivado cambió después de importarlo: 	O arquivo Lua desativado mudou após a importação: 	Отключённый файл Lua изменён после импорта: 	禁用的 Lua 文件在导入后已被修改：	無効化した Lua ファイルがインポート後に変更されました：	비활성화된 Lua 파일이 가져온 후 변경되었습니다: 
Original file backup is missing: 	Özgün dosya yedeği eksik: 	Die Sicherung der Originaldatei fehlt: 	La sauvegarde du fichier original est absente : 	Falta la copia del archivo original: 	O backup do arquivo original está ausente: 	Резервная копия исходного файла отсутствует: 	缺少原文件备份：	元ファイルのバックアップがありません：	원본 파일 백업이 없습니다: 
Lua file is outside its managed folder.	Lua dosyası yönetilen klasörün dışında.	Die Lua-Datei liegt außerhalb ihres verwalteten Ordners.	Le fichier Lua est hors de son dossier géré.	El archivo Lua está fuera de su carpeta administrada.	O arquivo Lua está fora da pasta gerenciada.	Файл Lua вне управляемой папки.	Lua 文件位于管理目录之外。	Lua ファイルが管理対象フォルダーの外にあります。	Lua 파일이 관리 폴더 밖에 있습니다.
Lua file changed since selection. Refresh the library.	Lua dosyası seçildikten sonra değişti. Oyunları yenileyin.	Die Lua-Datei wurde seit der Auswahl geändert. Aktualisiere die Bibliothek.	Le fichier Lua a changé depuis sa sélection. Actualisez la bibliothèque.	El archivo Lua cambió después de seleccionarlo. Actualiza la biblioteca.	O arquivo Lua mudou após a seleção. Atualize a biblioteca.	Файл Lua изменился после выбора. Обновите библиотеку.	Lua 文件在选中后已被修改。请刷新游戏库。	選択後に Lua ファイルが変更されました。ライブラリを更新してください。	선택 후 Lua 파일이 변경되었습니다. 라이브러리를 새로고침하세요.
Target is outside its destination directory.	Hedef, hedef klasörün dışında.	Das Ziel liegt außerhalb des Zielordners.	La cible se trouve hors du dossier de destination.	El destino está fuera de su carpeta.	O destino está fora da pasta de destino.	Цель находится вне папки назначения.	目标位于目标目录之外。	対象が保存先フォルダーの外にあります。	대상이 대상 폴더 밖에 있습니다.
Destination contains a symbolic link or junction: 	Hedefte sembolik bağ veya bağlantı noktası var: 	Der Zielpfad enthält einen symbolischen Link oder eine Junction: 	La destination contient un lien symbolique ou une jonction : 	El destino contiene un enlace simbólico o una unión: 	O destino contém um link simbólico ou junção: 	Путь назначения содержит символическую ссылку или соединение: 	目标包含符号链接或目录联接：	保存先にシンボリックリンクまたはジャンクションがあります：	대상에 심볼릭 링크 또는 정션이 있습니다: 
Target is a symbolic link: 	Hedef sembolik bağdır: 	Das Ziel ist ein symbolischer Link: 	La cible est un lien symbolique : 	El destino es un enlace simbólico: 	O destino é um link simbólico: 	Цель является символической ссылкой: 	目标是符号链接：	対象がシンボリックリンクです：	대상이 심볼릭 링크입니다: 
Invalid auxiliary backup path.	Yardımcı yedek yolu geçersiz.	Ungültiger Pfad zur Zusatzsicherung.	Chemin de sauvegarde auxiliaire non valide.	Ruta de copia auxiliar no válida.	Caminho de backup auxiliar inválido.	Некорректный путь вспомогательной копии.	辅助备份路径无效。	補助バックアップのパスが無効です。	보조 백업 경로가 잘못되었습니다.
Disabled Lua file changed since backup.	Devre dışı Lua dosyası yedekten sonra değişti.	Die deaktivierte Lua-Datei wurde seit der Sicherung geändert.	Le fichier Lua désactivé a changé depuis la sauvegarde.	El archivo Lua desactivado cambió después de la copia.	O arquivo Lua desativado mudou após o backup.	Отключённый файл Lua изменён после создания копии.	禁用的 Lua 文件在备份后已被修改。	無効化した Lua ファイルがバックアップ後に変更されました。	비활성화된 Lua 파일이 백업 후 변경되었습니다.
Disabled Lua path was reused since backup.	Devre dışı Lua yolu yedekten sonra yeniden kullanıldı.	Der deaktivierte Lua-Pfad wurde seit der Sicherung erneut verwendet.	Le chemin du Lua désactivé a été réutilisé depuis la sauvegarde.	La ruta del Lua desactivado se reutilizó después de la copia.	O caminho do Lua desativado foi reutilizado após o backup.	Путь отключённого Lua был повторно использован после создания копии.	禁用 Lua 的路径在备份后被重新使用。	無効化した Lua のパスがバックアップ後に再利用されました。	비활성화된 Lua 경로가 백업 후 재사용되었습니다.
Changed since backup: 	Yedekten sonra değişti: 	Seit der Sicherung geändert: 	Modifié depuis la sauvegarde : 	Cambió después de la copia: 	Alterado após o backup: 	Изменено после создания копии: 	备份后已被修改：	バックアップ後に変更されました：	백업 후 변경되었습니다:
Choose a ZIP, Lua or manifest file.	ZIP, Lua veya manifest dosyası seçin.	Wähle eine ZIP-, Lua- oder Manifestdatei.	Choisissez un fichier ZIP, Lua ou manifeste.	Elige un archivo ZIP, Lua o manifiesto.	Escolha um arquivo ZIP, Lua ou manifesto.	Выберите файл ZIP, Lua или манифест.	请选择 ZIP、Lua 或清单文件。	ZIP、Lua、マニフェストのいずれかを選択してください。	ZIP, Lua 또는 매니페스트 파일을 선택하세요.
File is missing or exceeds the size limit.	Dosya yok veya boyut sınırını aşıyor.	Die Datei fehlt oder überschreitet die Größenbegrenzung.	Le fichier est absent ou dépasse la taille autorisée.	El archivo no existe o supera el límite de tamaño.	O arquivo está ausente ou excede o limite de tamanho.	Файл отсутствует или превышает лимит размера.	文件不存在或超过大小限制。	ファイルがないか、サイズ制限を超えています。	파일이 없거나 크기 제한을 초과합니다.
Unsafe ZIP entry path.	ZIP içindeki dosya yolu güvenli değil.	Unsicherer Dateipfad im ZIP.	Chemin non sécurisé dans le ZIP.	Ruta no segura dentro del ZIP.	Caminho inseguro no ZIP.	Небезопасный путь в ZIP.	ZIP 内文件路径不安全。	ZIP 内のファイルパスが安全ではありません。	ZIP 내부 파일 경로가 안전하지 않습니다.
ZIP symbolic links are unsupported.	ZIP içindeki sembolik bağlar desteklenmiyor.	Symbolische Links im ZIP werden nicht unterstützt.	Les liens symboliques dans le ZIP ne sont pas pris en charge.	No se admiten enlaces simbólicos en el ZIP.	Links simbólicos no ZIP não são suportados.	Символические ссылки в ZIP не поддерживаются.	不支持 ZIP 中的符号链接。	ZIP 内のシンボリックリンクには対応していません。	ZIP의 심볼릭 링크는 지원하지 않습니다.
ZIP exceeds import size limits.	ZIP içe aktarma boyut sınırlarını aşıyor.	Das ZIP überschreitet die Größenbegrenzung für den Import.	Le ZIP dépasse la taille autorisée pour l'importation.	El ZIP supera el límite de tamaño de importación.	O ZIP excede o limite de tamanho para importação.	ZIP превышает лимит размера для импорта.	ZIP 超过导入大小限制。	ZIP がインポートのサイズ制限を超えています。	ZIP이 가져오기 크기 제한을 초과합니다.
Too many importable files.	İçe aktarılabilir dosya sayısı çok fazla.	Zu viele importierbare Dateien.	Trop de fichiers à importer.	Demasiados archivos importables.	Arquivos importáveis demais.	Слишком много файлов для импорта.	可导入文件过多。	インポート可能なファイルが多すぎます。	가져올 수 있는 파일이 너무 많습니다.
Unsafe target path.	Hedef yolu güvenli değil.	Unsicherer Zielpfad.	Chemin de destination non sécurisé.	Ruta de destino no segura.	Caminho de destino inseguro.	Небезопасный путь назначения.	目标路径不安全。	保存先パスが安全ではありません。	대상 경로가 안전하지 않습니다.
ZIP size mismatch.	ZIP dosya boyutu uyuşmuyor.	Die ZIP-Dateigröße stimmt nicht überein.	La taille du fichier ZIP ne correspond pas.	El tamaño del ZIP no coincide.	O tamanho do ZIP não corresponde.	Размер файла в ZIP не совпадает.	ZIP 文件大小不匹配。	ZIP 内のファイルサイズが一致しません。	ZIP 파일 크기가 일치하지 않습니다.
ZIP contains duplicate target: 	ZIP aynı hedefe giden birden fazla dosya içeriyor: 	Das ZIP enthält ein doppeltes Ziel: 	Le ZIP contient une destination en double : 	El ZIP contiene un destino duplicado: 	O ZIP contém um destino duplicado: 	В ZIP есть дублирующаяся цель: 	ZIP 包含重复的目标：	ZIP に重複する保存先があります：	ZIP에 중복된 대상이 있습니다: 
Target changed after preview: 	Hedef önizlemeden sonra değişti: 	Das Ziel wurde nach der Vorschau geändert: 	La cible a changé depuis l'aperçu : 	El destino cambió después de la vista previa: 	O destino mudou após a prévia: 	Целевой файл изменился после предварительного просмотра: 	目标在预览后已被修改：	プレビュー後に対象が変更されました：	미리 보기 후 대상이 변경되었습니다: 
Release ZIP asset not found.	Sürüm ZIP dosyası bulunamadı.	Die ZIP-Datei der Version wurde nicht gefunden.	Le ZIP de la version est introuvable.	No se encontró el ZIP de la versión.	O ZIP da versão não foi encontrado.	ZIP-файл выпуска не найден.	未找到发布版 ZIP 文件。	リリースの ZIP ファイルが見つかりません。	릴리스 ZIP 파일을 찾을 수 없습니다.
Downloaded release checksum does not match GitHub metadata.	İndirilen sürümün sağlama toplamı GitHub verileriyle eşleşmiyor.	Die Prüfsumme der heruntergeladenen Version stimmt nicht mit GitHub überein.	L'empreinte de la version téléchargée ne correspond pas aux données GitHub.	La suma de la versión descargada no coincide con los datos de GitHub.	A soma da versão baixada não corresponde aos dados do GitHub.	Контрольная сумма загрузки не совпадает с данными GitHub.	下载版本的校验和与 GitHub 元数据不一致。	ダウンロードしたリリースのチェックサムが GitHub の情報と一致しません。	다운로드한 릴리스의 체크섬이 GitHub 정보와 일치하지 않습니다.
Close Steam before installing OpenSteamTool.	OpenSteamTool kurmadan önce Steam'i kapatın.	Schließe Steam vor der Installation von OpenSteamTool.	Fermez Steam avant d'installer OpenSteamTool.	Cierra Steam antes de instalar OpenSteamTool.	Feche o Steam antes de instalar o OpenSteamTool.	Закройте Steam перед установкой OpenSteamTool.	安装 OpenSteamTool 前请关闭 Steam。	OpenSteamTool のインストール前に Steam を終了してください。	OpenSteamTool을 설치하기 전에 Steam을 종료하세요.
Release asset is missing or duplicates 	Sürüm dosyası eksik veya birden fazla: 	Die Release-Datei fehlt oder ist mehrfach vorhanden: 	Le fichier de version est absent ou en double : 	Falta el archivo de versión o está duplicado: 	O arquivo da versão está ausente ou duplicado: 	Файл выпуска отсутствует или дублируется: 	发布文件缺失或重复：	リリースファイルがないか重複しています：	릴리스 파일이 없거나 중복되었습니다: 
Invalid DLL size: 	DLL boyutu geçersiz: 	Ungültige DLL-Größe: 	Taille de DLL non valide : 	Tamaño de DLL no válido: 	Tamanho de DLL inválido: 	Некорректный размер DLL: 	DLL 大小无效：	DLL のサイズが無効です：	DLL 크기가 잘못되었습니다: 
Existing untracked DLL requires manual review: 	İzlenmeyen mevcut DLL elle incelenmeli: 	Die vorhandene, nicht erfasste DLL muss geprüft werden: 	La DLL existante non suivie doit être vérifiée : 	La DLL existente no registrada requiere revisión: 	A DLL existente não rastreada precisa de revisão: 	Существующую неотслеживаемую DLL нужно проверить: 	现有未跟踪 DLL 需要人工检查：	既存の未追跡 DLL は確認が必要です：	기존 추적되지 않은 DLL은 수동 검토가 필요합니다: 
Installed DLL changed externally: 	Kurulu DLL dışarıdan değiştirildi: 	Die installierte DLL wurde extern geändert: 	La DLL installée a été modifiée hors de l'application : 	La DLL instalada se modificó fuera de la aplicación: 	A DLL instalada foi alterada fora do aplicativo: 	Установленная DLL изменена извне: 	已安装 DLL 在应用外被修改：	インストール済み DLL が外部で変更されました：	설치된 DLL이 앱 외부에서 변경되었습니다: 
Close Steam before uninstalling OpenSteamTool.	OpenSteamTool'u kaldırmadan önce Steam'i kapatın.	Schließe Steam vor der Deinstallation von OpenSteamTool.	Fermez Steam avant de désinstaller OpenSteamTool.	Cierra Steam antes de desinstalar OpenSteamTool.	Feche o Steam antes de desinstalar o OpenSteamTool.	Закройте Steam перед удалением OpenSteamTool.	卸载 OpenSteamTool 前请关闭 Steam。	OpenSteamTool のアンインストール前に Steam を終了してください。	OpenSteamTool을 제거하기 전에 Steam을 종료하세요.
Invalid tracked file.	İzlenen dosya geçersiz.	Ungültige erfasste Datei.	Fichier suivi non valide.	Archivo registrado no válido.	Arquivo rastreado inválido.	Некорректный отслеживаемый файл.	已跟踪文件无效。	追跡対象ファイルが無効です。	추적된 파일이 잘못되었습니다.
File changed since installation: 	Dosya kurulumdan sonra değişti: 	Die Datei wurde seit der Installation geändert: 	Le fichier a changé depuis l'installation : 	El archivo cambió después de la instalación: 	O arquivo mudou após a instalação: 	Файл изменён после установки: 	文件在安装后已被修改：	インストール後にファイルが変更されました：	설치 후 파일이 변경되었습니다: 
Unsafe downloaded filename.	İndirilen dosyanın adı güvenli değil.	Unsicherer Name der heruntergeladenen Datei.	Nom du fichier téléchargé non sûr.	Nombre de archivo descargado no seguro.	Nome do arquivo baixado não é seguro.	Небезопасное имя загруженного файла.	下载的文件名不安全。	ダウンロードしたファイル名は安全ではありません。	다운로드한 파일 이름이 안전하지 않습니다.
Steam started after confirmation. Try again.	Onaydan sonra Steam açıldı. Lütfen yeniden deneyin.	Steam wurde nach der Bestätigung gestartet. Bitte erneut versuchen.	Steam a démarré après la confirmation. Réessayez.	Steam se inició después de la confirmación. Inténtalo de nuevo.	O Steam foi iniciado após a confirmação. Tente novamente.	Steam был запущен после подтверждения. Повторите попытку.	确认后 Steam 已启动。请重试。	確認後に Steam が起動しました。もう一度お試しください。	확인 후 Steam이 시작되었습니다. 다시 시도하세요.
Steam did not close. OpenSteamTool files were not changed.	Steam kapanmadı. OpenSteamTool dosyaları değiştirilmedi.	Steam wurde nicht beendet. Die OpenSteamTool-Dateien wurden nicht geändert.	Steam ne s'est pas fermé. Les fichiers OpenSteamTool n'ont pas été modifiés.	Steam no se cerró. Los archivos de OpenSteamTool no se modificaron.	O Steam não foi fechado. Os arquivos do OpenSteamTool não foram alterados.	Steam не закрылся. Файлы OpenSteamTool не изменены.	Steam 未关闭。OpenSteamTool 文件未更改。	Steam が終了しませんでした。OpenSteamTool のファイルは変更されていません。	Steam이 종료되지 않았습니다. OpenSteamTool 파일은 변경되지 않았습니다.
The original files could not be restored after access was denied. Review the backup before retrying.	Erişim reddedildikten sonra özgün dosyalar geri yüklenemedi. Yeniden denemeden önce yedeği inceleyin.	Die Originaldateien konnten nach verweigertem Zugriff nicht wiederhergestellt werden. Prüfen Sie die Sicherung vor einem erneuten Versuch.	Les fichiers d'origine n'ont pas pu être restaurés après le refus d'accès. Vérifiez la sauvegarde avant de réessayer.	No se pudieron restaurar los archivos originales tras denegarse el acceso. Revise la copia de seguridad antes de reintentarlo.	Não foi possível restaurar os arquivos originais após a negação de acesso. Confira o backup antes de tentar novamente.	После отказа в доступе не удалось восстановить исходные файлы. Проверьте резервную копию перед повторной попыткой.	访问被拒绝后无法恢复原始文件。重试前请检查备份。	アクセス拒否後に元のファイルを復元できませんでした。再試行する前にバックアップを確認してください。	액세스가 거부된 후 원본 파일을 복원하지 못했습니다. 다시 시도하기 전에 백업을 확인하세요.
Steam did not provide DLC information for this game.	Steam bu oyun için DLC bilgisi sağlamadı.	Steam hat für dieses Spiel keine DLC-Informationen bereitgestellt.	Steam n'a pas fourni d'informations sur les DLC de ce jeu.	Steam no proporcionó información sobre los DLC de este juego.	A Steam não forneceu informações de DLC para este jogo.	Steam не предоставил сведения о DLC для этой игры.	Steam 未提供该游戏的 DLC 信息。	Steam はこのゲームの DLC 情報を提供しませんでした。	Steam에서 이 게임의 DLC 정보를 제공하지 않았습니다.
Steam returned an invalid DLC list.	Steam geçersiz bir DLC listesi döndürdü.	Steam hat eine ungültige DLC-Liste zurückgegeben.	Steam a renvoyé une liste de DLC invalide.	Steam devolvió una lista de DLC no válida.	A Steam retornou uma lista de DLC inválida.	Steam вернул недопустимый список DLC.	Steam 返回了无效的 DLC 列表。	Steam が無効な DLC 一覧を返しました。	Steam에서 잘못된 DLC 목록을 반환했습니다.
Downloaded games contain conflicting files for the same target.	İndirilen oyunlar aynı hedef için çakışan dosyalar içeriyor.	Heruntergeladene Spiele enthalten widersprüchliche Dateien für dasselbe Ziel.	Les jeux téléchargés contiennent des fichiers incompatibles pour la même destination.	Los juegos descargados contienen archivos en conflicto para el mismo destino.	Os jogos baixados contêm arquivos conflitantes para o mesmo destino.	Загруженные игры содержат конфликтующие файлы для одного пути назначения.	下载的游戏包含目标路径相同但内容冲突的文件。	ダウンロードしたゲームに、同じ保存先で競合するファイルがあります。	다운로드한 게임에 같은 대상 경로의 충돌하는 파일이 있습니다.
Downloaded games exceed import size limits.	İndirilen oyunlar içe aktarma boyut sınırlarını aşıyor.	Heruntergeladene Spiele überschreiten die Größenlimits für den Import.	Les jeux téléchargés dépassent les limites de taille d'importation.	Los juegos descargados superan los límites de tamaño de importación.	Os jogos baixados excedem os limites de tamanho da importação.	Загруженные игры превышают ограничения размера импорта.	下载的游戏超出了导入大小限制。	ダウンロードしたゲームがインポートのサイズ制限を超えています。	다운로드한 게임이 가져오기 크기 제한을 초과합니다.
Resolve every package conflict before importing. Select conflicting files and choose Replace Selected.	İçe aktarmadan önce paketteki tüm çakışmaları çözün. Çakışan dosyaları seçip Seçilenleri Değiştir'i kullanın.	Beheben Sie vor dem Import alle Paketkonflikte. Wählen Sie die betroffenen Dateien und „Ausgewählte ersetzen“.	Résolvez tous les conflits du paquet avant l'importation. Sélectionnez les fichiers concernés, puis « Remplacer la sélection ».	Resuelva todos los conflictos del paquete antes de importar. Seleccione los archivos afectados y «Reemplazar seleccionados».	Resolva todos os conflitos do pacote antes de importar. Selecione os arquivos conflitantes e use “Substituir selecionados”.	Разрешите все конфликты пакета перед импортом. Выберите конфликтующие файлы и нажмите «Заменить выбранные».	导入前请解决包内的所有冲突。选择冲突文件并点击“替换所选”。	インポート前にパッケージ内の競合をすべて解決してください。競合ファイルを選択し、「選択項目を置換」を使用してください。	가져오기 전에 패키지의 모든 충돌을 해결하세요. 충돌 파일을 선택하고 '선택 항목 바꾸기'를 사용하세요.
Invalid import record ID.	Geçersiz içe aktarma kaydı kimliği.	Ungültige ID des Importeintrags.	ID d'enregistrement d'importation invalide.	ID de registro de importación no válido.	ID de registro de importação inválido.	Недопустимый ID записи импорта.	导入记录 ID 无效。	インポート記録 ID が無効です。	가져오기 기록 ID가 잘못되었습니다.
Package Lua files changed or have conflicting copies.	Paketin Lua dosyaları değişmiş veya çakışan kopyaları var.	Lua-Dateien des Pakets wurden geändert oder haben widersprüchliche Kopien.	Les fichiers Lua du paquet ont changé ou présentent des copies en conflit.	Los archivos Lua del paquete cambiaron o tienen copias en conflicto.	Os arquivos Lua do pacote foram alterados ou têm cópias conflitantes.	Lua-файлы пакета изменились или имеют конфликтующие копии.	包内 Lua 文件已更改或存在冲突副本。	パッケージの Lua ファイルが変更されたか、競合するコピーがあります。	패키지의 Lua 파일이 변경되었거나 충돌하는 복사본이 있습니다.
Package has no Lua files to toggle.	Pakette açılıp kapatılacak Lua dosyası yok.	Das Paket enthält keine Lua-Dateien zum Umschalten.	Le paquet ne contient aucun fichier Lua à activer ou désactiver.	El paquete no contiene archivos Lua para cambiar de estado.	O pacote não contém arquivos Lua para alternar.	В пакете нет Lua-файлов для переключения.	包内没有可切换状态的 Lua 文件。	パッケージに切り替え可能な Lua ファイルがありません。	패키지에 상태를 전환할 Lua 파일이 없습니다.
Package Lua file is missing or changed: 	Paketin Lua dosyası eksik veya değişmiş: 	Lua-Datei des Pakets fehlt oder wurde geändert: 	Le fichier Lua du paquet est manquant ou a changé : 	Falta el archivo Lua del paquete o cambió: 	O arquivo Lua do pacote está ausente ou foi alterado: 	Lua-файл пакета отсутствует или изменён: 	包内 Lua 文件缺失或已更改：	パッケージの Lua ファイルが見つからないか変更されています: 	패키지의 Lua 파일이 없거나 변경되었습니다: 
